{"_items":[{"name":"PORTAL","_responsibilities":["Gets bigger with animation curve","The animation gets added to it when a bullet hits enemy hitbox","The portal moves in the Z position"],"_collaborators":["ENEMY HITBOX","BULLET"],"_posX":194,"_posY":40,"_type":"entity","_uuid":"179dab25-a94d-3fec-2a5b-48047c551fcb"},{"name":"CROSSHAIR","_responsibilities":["Moves according to the mouse position"],"_collaborators":["MOUSE POSITION"],"_posX":828,"_posY":43,"_type":"entity","_uuid":"e731f548-8691-e387-1638-a802811b2455"},{"name":"BULLET","_responsibilities":["When hitting the enemy hit box makes the enemy null or destroy","After hitting the hitbox, it would make the portal grow is size","After hitting the hitbox, it would add 1 to the score points"],"_collaborators":["ENEMY HITBOX","PORTAL","SCORE POINTS","CROSSHAIR","SPAWNER"],"_posX":191,"_posY":321,"_type":"entity","_uuid":"025076b1-787e-6328-b929-ee96bab3b8f2"},{"name":"PAUSE BUTTON","_responsibilities":["It would stop the monsters from moving when it's pressed"],"_collaborators":["MONSTERS MOVEMENT"],"_posX":822,"_posY":301,"_type":"entity","_uuid":"be8c63a1-8a7e-74a6-0054-5cde369ac18c"},{"name":"PLAY BUTTON","_responsibilities":["Runs the movement again when it's pressed"],"_collaborators":["MONSTERS MOVEMENT"],"_posX":825,"_posY":579,"_type":"entity","_uuid":"868dd482-a795-c1a7-0a97-35931fdff2a8"},{"name":"ENEMY HITBOX","_responsibilities":["When the bullets position is equal to the hitbox null the enemy","When bullet position is equal to its position add 1 to the score","When bullet position is equal to its position make it bigger","makes it null when bullets hits","When the bullets position is equal to the enemy null"],"_collaborators":["BULLET","SCORE POINTS","PORTAL","MONSTERS MOVEMENT","ENEMY"],"_posX":1385,"_posY":293,"_name":"ENEMY HITBOX","_uuid":"37bc1e21-23a0-a214-078f-12976cf2ee57","_type":"entity"},{"name":"SCORE POINTS","_responsibilities":["Gets added to it when the bullet hits the enemy hitbox","When the bullet position is equal to the hitbox add 1"],"_collaborators":["BULLET","ENEMY HITBOX"],"_posX":1387,"_posY":40,"_name":"SCORE POINTS","_uuid":"73612d44-cf56-d5ba-1ef9-80ca01ac6283","_type":"entity"},{"name":"MOUSE POSITION","_responsibilities":["Moves the crosshair around"],"_collaborators":["CROSSHAIR"],"_posX":190,"_posY":573,"_name":"MOUSE POSITION","_uuid":"88328337-e912-0fb6-4a1a-c77ebb597b19","_type":"entity"},{"name":"MONSTERS MOVEMENT","_responsibilities":["starts to move when the button is pressed","Stops moving when the button is pressed","moves the enemy"],"_collaborators":["PLAY BUTTON","PAUSE BUTTON","ENEMY"],"_posX":1384,"_posY":571,"_name":"MONSTERS MOVEMENT","_uuid":"3147c49d-72f6-b95c-d4a4-32adec4fd6c9","_type":"entity"},{"name":"SPAWNER","_responsibilities":["Spawn's bullets when mouse is clicked.","Spawn's the bullets at the position of the mouse"],"_collaborators":["BULLET","CROSSHAIR"],"_posX":521,"_posY":315,"_name":"SPAWNER","_uuid":"a7b96647-66eb-51df-f385-477fef434333","_type":"entity"},{"name":"ENEMY","_responsibilities":["When the bullets position is equal to the hitbox make enemy null","Moves forward and up and down with the movement"],"_collaborators":["ENEMY HITBOX","MONSTERS MOVEMENT"],"_posX":504,"_posY":41,"_name":"ENEMY","_uuid":"812486d7-e623-301d-20a4-ed5048aa8e63","_type":"entity"}],"_uuid":"c81f01c1-2c35-cb25-77bc-613a14c5b4d5","_width":1920,"_height":1080}